﻿Title,Arable Export
Date Range,2021 30 Sep - 2021 26 Oct
Date,"2022 20 Aug, 6:06 PM"
Location,"Vale de Cavalos POR"
Number of records,17 records
Temp,"°C"
Pressure,"kPa"
Speed,"mps"
Precip / Etc,"mm"

local_device_time,device,locationId,moistures_avg_mean,moistures_0_max,moistures_0_mean,moistures_0_min,moistures_1_max,moistures_1_mean,moistures_1_min,moistures_2_max,moistures_2_mean,moistures_2_min,sensors,salinitiesAvg_mean,salinities_0_max,salinities_0_mean,salinities_0_min,salinities_1_max,salinities_1_mean,salinities_1_min,salinities_2_max,salinities_2_mean,salinities_2_min,sdi12Version,model,version,tempsAvg_mean,temps_0_max,temps_0_mean,temps_0_min,temps_1_max,temps_1_mean,temps_1_min,temps_2_max,temps_2_mean,temps_2_min
2021-10-10,C006693,6162d81fec2eea000c9d70d7,6.7,12.8,12.8,12.5,2.2,2.1,2,5.3,5.3,4.9,3,,,,,,,,,,,13,DD MT,113,19,24,19,16,25,19,18,24,19,18
2021-10-11,C006693,6162d81fec2eea000c9d70d7,6.8,32.8,12.8,12.6,2.2,2.2,2.2,5.4,5.3,5.3,3,,,,,,,,,,,13,DD MT,113,18,23,18,15,20,18,16,19,18,17
2021-10-12,C006693,6162d81fec2eea000c9d70d7,6.7,12.7,12.5,12.4,2.2,2.2,2.2,5.3,5.3,5.3,3,,,,,,,,,,,13,DD MT,113,18,24,18,14,21,18,16,19,18,17
2021-10-13,C006693,6162d81fec2eea000c9d70d7,6.6,12.4,12.3,12.2,2.2,2.2,2.1,5.4,5.3,5.3,3,,,,,,,,,,,13,DD MT,113,18,24,18,14,20,18,16,19,18,17
2021-10-14,C006693,6162d81fec2eea000c9d70d7,6.5,12.2,12.1,12,2.2,2.1,2.1,5.4,5.3,5.3,3,,,,,,,,,,,13,DD MT,113,17,23,17,13,20,17,15,19,18,17
2021-10-15,C006693,6162d81fec2eea000c9d70d7,6.4,12,11.9,11.8,2.1,2.1,2.1,5.4,5.3,5.3,3,,,,,,,,,,,13,DD MT,113,17,23,17,14,19,17,15,19,18,16
2021-10-16,C006693,6162d81fec2eea000c9d70d7,7.2,18,11.7,0,8.7,2.8,0,14.9,7.1,0,3,,,,,,,,,,,13,DD MT,113,17,22,17,15,19,17,16,18,17,17
2021-10-17,C006693,6162d81fec2eea000c9d70d7,9.1,12.4,11.6,11.3,4.1,4,3.7,12.2,11.6,11,3,,,,,,,,,,,13,DD MT,113,18,21,18,16,19,18,17,19,18,17
2021-10-18,C006693,6162d81fec2eea000c9d70d7,8.5,11.4,10.8,10.3,3.7,3.7,3.7,11,10.9,10.9,3,,,,,,,,,,,13,DD MT,113,19,23,19,17,21,19,17,20,19,18
2021-10-19,C006693,6162d81fec2eea000c9d70d7,8.2,10.3,9.9,9.6,3.7,3.7,3.7,10.9,10.9,10.8,3,,,,,,,,,,,13,DD MT,113,19,24,19,15,21,19,17,20,19,18
2021-10-20,C006693,6162d81fec2eea000c9d70d7,8,9.7,9.5,9.2,3.7,3.7,3.7,10.9,10.9,10.8,3,,,,,,,,,,,13,DD MT,113,19,23,19,16,20,19,17,20,19,18
2021-10-21,C006693,6162d81fec2eea000c9d70d7,7.8,9.2,9,8.7,3.7,3.6,3.6,10.9,10.8,10.8,3,,,,,,,,,,,13,DD MT,113,18,21,17,15,19,18,16,19,18,17
2021-10-22,C006693,6162d81fec2eea000c9d70d7,7.7,8.8,8.6,8.4,3.6,3.6,3.6,10.9,10.8,10.8,3,,,,,,,,,,,13,DD MT,113,16,20,16,13,18,16,15,18,17,16
2021-10-23,C006693,6162d81fec2eea000c9d70d7,7.6,8.7,8.4,8.2,3.6,3.6,3.6,10.9,10.8,10.8,3,,,,,,,,,,,13,DD MT,113,16,19,15,11,17,16,14,17,16,15
2021-10-24,C006693,6162d81fec2eea000c9d70d7,7.5,8.4,8.2,8,3.6,3.6,3.6,10.9,10.8,10.8,3,,,,,,,,,,,13,DD MT,113,15,19,14,11,17,15,13,17,16,15
2021-10-25,C006693,6162d81fec2eea000c9d70d7,7.5,8.3,8.1,7.9,3.6,3.6,3.5,10.8,10.8,10.8,3,,,,,,,,,,,13,DD MT,113,15,19,14,11,17,15,13,16,15,14
2021-10-26,C006693,6162d81fec2eea000c9d70d7,7.4,8.2,8,7.8,3.6,3.5,3.5,10.8,10.8,10.8,3,,,,,,,,,,,13,DD MT,113,15,19,14,11,16,15,13,16,15,14

﻿Title,Arable Export
Date Range,2021 30 Sep - 2021 26 Oct
Date,"2022 20 Aug, 6:06 PM"
Location,"Vale de Cavalos POR"
Number of records,1 records
Temp,"°C"
Pressure,"kPa"
Speed,"mps"
Precip / Etc,"mm"

local_device_time,device,locationId,moistures_avg_mean,moistures_0_max,moistures_0_mean,moistures_0_min,moistures_1_max,moistures_1_mean,moistures_1_min,moistures_2_max,moistures_2_mean,moistures_2_min,sensors,salinitiesAvg_mean,salinities_0_max,salinities_0_mean,salinities_0_min,salinities_1_max,salinities_1_mean,salinities_1_min,salinities_2_max,salinities_2_mean,salinities_2_min,sdi12Version,model,version,tempsAvg_mean,temps_0_max,temps_0_mean,temps_0_min,temps_1_max,temps_1_mean,temps_1_min,temps_2_max,temps_2_mean,temps_2_min
2021-10-26,C006693,61788a534e1e73000ecf5644,7.4,7.9,7.8,7.8,3.5,3.5,3.5,10.8,10.8,10.8,3,,,,,,,,,,,13,DD MT,113,15,15,14,14,16,15,15,16,16,16

